{
    "m1": 1000000.0,
    "m2": 10.0,
    "a": 0.9,
    "p0": 7.25413986,
    "e0": 0.2,
    "xI0": 1.0,
    "dist": 1.0,
    "qS": 0.785398,
    "phiS": 1.047197,
    "qK": 0.523598,
    "phiK": 0.392699,
    "Phi_phi0": 1.0,
    "Phi_theta0": 0.0,
    "Phi_r0": 1.0,
    "T": 1.0,
    "dt": 10.0,
    "desired_SNR": 50.0,
    "Nblocks": 5,
    "alpha_block": 0.05,
    "nu": 5,
    "fmin": null,
    "fmax": null
}